<metaList>
  <metadata>
    <productId>embeddedEsx</productId>
    <version>5.*</version>
    <locale></locale>
    <patchUrl></patchUrl>
    <url>Realtek-net55-r8168-8.045a-napi-metadata.zip</url>
    <channelName>default</channelName>
  </metadata>
  <metadata>
    <productId>embeddedEsx</productId>
    <version>6.0.0</version>
    <locale></locale>
    <patchUrl></patchUrl>
    <url>Realtek-net55-r8168-8.045a-napi-metadata.zip</url>
    <channelName>default</channelName>
  </metadata>
  <metadata>
    <productId>embeddedEsx</productId>
    <version>6.5.0</version>
    <locale></locale>
    <patchUrl></patchUrl>
    <url>Realtek-net55-r8168-8.045a-napi-metadata.zip</url>
    <channelName>default</channelName>
  </metadata>
</metaList>
