<metaList>
  <metadata>
    <productId>embeddedEsx</productId>
    <version>6.0.0</version>
    <locale></locale>
    <patchUrl></patchUrl>
    <url>VFrontDe-net51-r8169-6.011.00-2vft.510.0.0.799733-metadata.zip</url>
    <channelName>default</channelName>
  </metadata>
  <metadata>
    <productId>embeddedEsx</productId>
    <version>5.5.0</version>
    <locale></locale>
    <patchUrl></patchUrl>
    <url>VFrontDe-net51-r8169-6.011.00-2vft.510.0.0.799733-metadata.zip</url>
    <channelName>default</channelName>
  </metadata>
</metaList>
